reservation_room_id,reservation_id,room_id,created_at
1,385,320,2024-02-09 14:20:36.308186
2,307,422,2024-02-09 14:20:36.308186
3,133,507,2024-02-09 14:20:36.308186
4,162,235,2024-02-09 14:20:36.308186
5,182,504,2024-02-09 14:20:36.308186
6,96,127,2024-02-09 14:20:36.308186
7,271,339,2024-02-09 14:20:36.308186
8,379,326,2024-02-09 14:20:36.308186
9,204,110,2024-02-09 14:20:36.308186
10,377,424,2024-02-09 14:20:36.308186
11,189,229,2024-02-09 14:20:36.308186
12,30,111,2024-02-09 14:20:36.308186
13,338,320,2024-02-09 14:20:36.308186
14,37,434,2024-02-09 14:20:36.308186
15,391,316,2024-02-09 14:20:36.308186
16,233,513,2024-02-09 14:20:36.308186
17,118,324,2024-02-09 14:20:36.308186
18,365,229,2024-02-09 14:20:36.308186
19,125,305,2024-02-09 14:20:36.308186
20,60,201,2024-02-09 14:20:36.308186
21,361,336,2024-02-09 14:20:36.308186
22,198,521,2024-02-09 14:20:36.308186
23,327,207,2024-02-09 14:20:36.308186
24,139,130,2024-02-09 14:20:36.308186
25,17,238,2024-02-09 14:20:36.308186
26,49,422,2024-02-09 14:20:36.308186
27,382,525,2024-02-09 14:20:36.308186
28,242,113,2024-02-09 14:20:36.308186
29,40,135,2024-02-09 14:20:36.308186
30,345,236,2024-02-09 14:20:36.308186
31,362,415,2024-02-09 14:20:36.308186
32,314,221,2024-02-09 14:20:36.308186
33,296,334,2024-02-09 14:20:36.308186
34,375,404,2024-02-09 14:20:36.308186
35,115,407,2024-02-09 14:20:36.308186
36,91,418,2024-02-09 14:20:36.308186
37,273,220,2024-02-09 14:20:36.308186
38,195,123,2024-02-09 14:20:36.308186
39,161,120,2024-02-09 14:20:36.308186
40,49,339,2024-02-09 14:20:36.308186
41,269,335,2024-02-09 14:20:36.308186
42,108,129,2024-02-09 14:20:36.308186
43,69,230,2024-02-09 14:20:36.308186
44,313,316,2024-02-09 14:20:36.308186
45,82,516,2024-02-09 14:20:36.308186
46,379,234,2024-02-09 14:20:36.308186
47,292,304,2024-02-09 14:20:36.308186
48,145,321,2024-02-09 14:20:36.308186
49,193,536,2024-02-09 14:20:36.308186
50,5,326,2024-02-09 14:20:36.308186
51,253,527,2024-02-09 14:20:36.308186
52,135,234,2024-02-09 14:20:36.308186
53,263,503,2024-02-09 14:20:36.308186
54,317,136,2024-02-09 14:20:36.308186
55,175,120,2024-02-09 14:20:36.308186
56,144,129,2024-02-09 14:20:36.308186
57,193,320,2024-02-09 14:20:36.308186
58,162,309,2024-02-09 14:20:36.308186
59,212,430,2024-02-09 14:20:36.308186
60,349,435,2024-02-09 14:20:36.308186
61,118,522,2024-02-09 14:20:36.308186
62,86,319,2024-02-09 14:20:36.308186
63,372,420,2024-02-09 14:20:36.308186
64,313,219,2024-02-09 14:20:36.308186
65,173,333,2024-02-09 14:20:36.308186
66,339,304,2024-02-09 14:20:36.308186
67,365,530,2024-02-09 14:20:36.308186
68,160,132,2024-02-09 14:20:36.308186
69,259,124,2024-02-09 14:20:36.308186
70,259,214,2024-02-09 14:20:36.308186
71,167,329,2024-02-09 14:20:36.308186
72,1,338,2024-02-09 14:20:36.308186
73,329,106,2024-02-09 14:20:36.308186
74,144,512,2024-02-09 14:20:36.308186
75,193,309,2024-02-09 14:20:36.308186
76,72,226,2024-02-09 14:20:36.308186
77,357,431,2024-02-09 14:20:36.308186
78,182,130,2024-02-09 14:20:36.308186
79,104,336,2024-02-09 14:20:36.308186
80,68,121,2024-02-09 14:20:36.308186
81,23,339,2024-02-09 14:20:36.308186
82,234,433,2024-02-09 14:20:36.308186
83,373,435,2024-02-09 14:20:36.308186
84,155,217,2024-02-09 14:20:36.308186
85,61,426,2024-02-09 14:20:36.308186
86,208,208,2024-02-09 14:20:36.308186
87,156,501,2024-02-09 14:20:36.308186
88,234,317,2024-02-09 14:20:36.308186
89,84,126,2024-02-09 14:20:36.308186
90,8,230,2024-02-09 14:20:36.308186
91,218,117,2024-02-09 14:20:36.308186
92,277,525,2024-02-09 14:20:36.308186
93,264,122,2024-02-09 14:20:36.308186
94,32,114,2024-02-09 14:20:36.308186
95,1,233,2024-02-09 14:20:36.308186
96,34,226,2024-02-09 14:20:36.308186
97,66,124,2024-02-09 14:20:36.308186
98,221,332,2024-02-09 14:20:36.308186
99,133,121,2024-02-09 14:20:36.308186
100,76,413,2024-02-09 14:20:36.308186
101,198,109,2024-02-09 14:20:36.308186
102,40,231,2024-02-09 14:20:36.308186
103,255,108,2024-02-09 14:20:36.308186
104,334,110,2024-02-09 14:20:36.308186
105,163,232,2024-02-09 14:20:36.308186
106,311,113,2024-02-09 14:20:36.308186
107,209,519,2024-02-09 14:20:36.308186
108,178,326,2024-02-09 14:20:36.308186
109,295,503,2024-02-09 14:20:36.308186
110,224,411,2024-02-09 14:20:36.308186
111,201,231,2024-02-09 14:20:36.308186
112,313,520,2024-02-09 14:20:36.308186
113,357,321,2024-02-09 14:20:36.308186
114,195,104,2024-02-09 14:20:36.308186
115,33,107,2024-02-09 14:20:36.308186
116,196,307,2024-02-09 14:20:36.308186
117,237,525,2024-02-09 14:20:36.308186
118,129,414,2024-02-09 14:20:36.308186
119,81,231,2024-02-09 14:20:36.308186
120,316,222,2024-02-09 14:20:36.308186
121,71,213,2024-02-09 14:20:36.308186
122,229,223,2024-02-09 14:20:36.308186
123,285,506,2024-02-09 14:20:36.308186
124,72,110,2024-02-09 14:20:36.308186
125,27,327,2024-02-09 14:20:36.308186
126,393,305,2024-02-09 14:20:36.308186
127,151,207,2024-02-09 14:20:36.308186
128,289,224,2024-02-09 14:20:36.308186
129,356,132,2024-02-09 14:20:36.308186
130,109,419,2024-02-09 14:20:36.308186
131,360,301,2024-02-09 14:20:36.308186
132,398,522,2024-02-09 14:20:36.308186
133,229,539,2024-02-09 14:20:36.308186
134,362,515,2024-02-09 14:20:36.308186
135,332,326,2024-02-09 14:20:36.308186
136,279,417,2024-02-09 14:20:36.308186
137,59,120,2024-02-09 14:20:36.308186
138,164,136,2024-02-09 14:20:36.308186
139,272,414,2024-02-09 14:20:36.308186
140,78,414,2024-02-09 14:20:36.308186
141,3,407,2024-02-09 14:20:36.308186
142,132,233,2024-02-09 14:20:36.308186
143,336,238,2024-02-09 14:20:36.308186
144,390,122,2024-02-09 14:20:36.308186
145,246,301,2024-02-09 14:20:36.308186
146,274,539,2024-02-09 14:20:36.308186
147,212,332,2024-02-09 14:20:36.308186
148,107,308,2024-02-09 14:20:36.308186
149,52,333,2024-02-09 14:20:36.308186
150,394,423,2024-02-09 14:20:36.308186
151,23,430,2024-02-09 14:20:36.308186
152,194,219,2024-02-09 14:20:36.308186
153,142,432,2024-02-09 14:20:36.308186
154,253,518,2024-02-09 14:20:36.308186
155,26,332,2024-02-09 14:20:36.308186
156,58,315,2024-02-09 14:20:36.308186
157,248,407,2024-02-09 14:20:36.308186
158,375,223,2024-02-09 14:20:36.308186
159,97,307,2024-02-09 14:20:36.308186
160,398,220,2024-02-09 14:20:36.308186
161,363,528,2024-02-09 14:20:36.308186
162,240,432,2024-02-09 14:20:36.308186
163,234,132,2024-02-09 14:20:36.308186
164,103,202,2024-02-09 14:20:36.308186
165,39,502,2024-02-09 14:20:36.308186
166,119,221,2024-02-09 14:20:36.308186
167,230,239,2024-02-09 14:20:36.308186
168,139,201,2024-02-09 14:20:36.308186
169,25,109,2024-02-09 14:20:36.308186
170,342,103,2024-02-09 14:20:36.308186
171,37,228,2024-02-09 14:20:36.308186
172,269,326,2024-02-09 14:20:36.308186
173,195,236,2024-02-09 14:20:36.308186
174,235,238,2024-02-09 14:20:36.308186
175,347,217,2024-02-09 14:20:36.308186
176,305,518,2024-02-09 14:20:36.308186
177,281,427,2024-02-09 14:20:36.308186
178,73,239,2024-02-09 14:20:36.308186
179,390,407,2024-02-09 14:20:36.308186
180,228,124,2024-02-09 14:20:36.308186
181,188,414,2024-02-09 14:20:36.308186
182,135,420,2024-02-09 14:20:36.308186
183,204,208,2024-02-09 14:20:36.308186
184,319,119,2024-02-09 14:20:36.308186
185,270,104,2024-02-09 14:20:36.308186
186,224,114,2024-02-09 14:20:36.308186
187,189,316,2024-02-09 14:20:36.308186
188,57,102,2024-02-09 14:20:36.308186
189,276,130,2024-02-09 14:20:36.308186
190,147,123,2024-02-09 14:20:36.308186
191,247,440,2024-02-09 14:20:36.308186
192,351,421,2024-02-09 14:20:36.308186
193,327,503,2024-02-09 14:20:36.308186
194,188,332,2024-02-09 14:20:36.308186
195,375,117,2024-02-09 14:20:36.308186
196,259,113,2024-02-09 14:20:36.308186
197,209,504,2024-02-09 14:20:36.308186
198,216,312,2024-02-09 14:20:36.308186
199,267,429,2024-02-09 14:20:36.308186
200,185,526,2024-02-09 14:20:36.308186
201,281,415,2024-02-09 14:20:36.308186
202,373,128,2024-02-09 14:20:36.308186
203,252,401,2024-02-09 14:20:36.308186
204,208,314,2024-02-09 14:20:36.308186
205,187,205,2024-02-09 14:20:36.308186
206,162,107,2024-02-09 14:20:36.308186
207,131,312,2024-02-09 14:20:36.308186
208,357,113,2024-02-09 14:20:36.308186
209,175,132,2024-02-09 14:20:36.308186
210,267,416,2024-02-09 14:20:36.308186
211,318,116,2024-02-09 14:20:36.308186
212,140,106,2024-02-09 14:20:36.308186
213,112,409,2024-02-09 14:20:36.308186
214,145,512,2024-02-09 14:20:36.308186
215,153,122,2024-02-09 14:20:36.308186
216,362,330,2024-02-09 14:20:36.308186
217,176,528,2024-02-09 14:20:36.308186
218,95,328,2024-02-09 14:20:36.308186
219,204,202,2024-02-09 14:20:36.308186
220,219,229,2024-02-09 14:20:36.308186
221,196,536,2024-02-09 14:20:36.308186
222,11,125,2024-02-09 14:20:36.308186
223,60,435,2024-02-09 14:20:36.308186
224,258,240,2024-02-09 14:20:36.308186
225,370,514,2024-02-09 14:20:36.308186
226,326,437,2024-02-09 14:20:36.308186
227,389,419,2024-02-09 14:20:36.308186
228,295,128,2024-02-09 14:20:36.308186
229,28,112,2024-02-09 14:20:36.308186
230,141,213,2024-02-09 14:20:36.308186
231,121,114,2024-02-09 14:20:36.308186
232,355,320,2024-02-09 14:20:36.308186
233,389,338,2024-02-09 14:20:36.308186
234,99,236,2024-02-09 14:20:36.308186
235,107,539,2024-02-09 14:20:36.308186
236,171,332,2024-02-09 14:20:36.308186
237,199,135,2024-02-09 14:20:36.308186
238,26,320,2024-02-09 14:20:36.308186
239,180,431,2024-02-09 14:20:36.308186
240,114,419,2024-02-09 14:20:36.308186
241,379,509,2024-02-09 14:20:36.308186
242,382,517,2024-02-09 14:20:36.308186
243,339,235,2024-02-09 14:20:36.308186
244,103,321,2024-02-09 14:20:36.308186
245,79,140,2024-02-09 14:20:36.308186
246,58,321,2024-02-09 14:20:36.308186
247,17,419,2024-02-09 14:20:36.308186
248,86,205,2024-02-09 14:20:36.308186
249,156,435,2024-02-09 14:20:36.308186
250,273,117,2024-02-09 14:20:36.308186
251,191,315,2024-02-09 14:20:36.308186
252,338,328,2024-02-09 14:20:36.308186
253,97,109,2024-02-09 14:20:36.308186
254,204,135,2024-02-09 14:20:36.308186
255,81,222,2024-02-09 14:20:36.308186
256,139,520,2024-02-09 14:20:36.380677
257,353,426,2024-02-09 14:20:36.380677
258,107,329,2024-02-09 14:20:36.380677
259,307,331,2024-02-09 14:20:36.380677
260,149,406,2024-02-09 14:20:36.380677
261,255,132,2024-02-09 14:20:36.380677
262,248,419,2024-02-09 14:20:36.380677
263,262,422,2024-02-09 14:20:36.380677
264,289,527,2024-02-09 14:20:36.380677
265,107,534,2024-02-09 14:20:36.380677
266,192,124,2024-02-09 14:20:36.380677
267,291,330,2024-02-09 14:20:36.380677
268,111,409,2024-02-09 14:20:36.380677
269,193,335,2024-02-09 14:20:36.380677
270,9,437,2024-02-09 14:20:36.380677
271,43,302,2024-02-09 14:20:36.380677
272,34,120,2024-02-09 14:20:36.380677
273,208,134,2024-02-09 14:20:36.380677
274,200,524,2024-02-09 14:20:36.380677
275,63,232,2024-02-09 14:20:36.380677
276,75,333,2024-02-09 14:20:36.380677
277,21,317,2024-02-09 14:20:36.380677
278,288,423,2024-02-09 14:20:36.380677
279,397,205,2024-02-09 14:20:36.380677
280,195,313,2024-02-09 14:20:36.380677
281,98,202,2024-02-09 14:20:36.380677
282,91,139,2024-02-09 14:20:36.380677
283,109,338,2024-02-09 14:20:36.380677
284,48,210,2024-02-09 14:20:36.380677
285,260,534,2024-02-09 14:20:36.380677
286,5,523,2024-02-09 14:20:36.380677
287,282,107,2024-02-09 14:20:36.380677
288,19,335,2024-02-09 14:20:36.380677
289,152,420,2024-02-09 14:20:36.380677
290,113,427,2024-02-09 14:20:36.380677
291,260,117,2024-02-09 14:20:36.380677
292,58,334,2024-02-09 14:20:36.380677
293,214,334,2024-02-09 14:20:36.380677
294,101,203,2024-02-09 14:20:36.380677
295,194,427,2024-02-09 14:20:36.380677
296,194,521,2024-02-09 14:20:36.380677
297,365,313,2024-02-09 14:20:36.380677
298,343,305,2024-02-09 14:20:36.380677
299,27,534,2024-02-09 14:20:36.380677
300,250,407,2024-02-09 14:20:36.380677
301,339,426,2024-02-09 14:20:36.380677
302,395,425,2024-02-09 14:20:36.380677
303,359,109,2024-02-09 14:20:36.380677
304,160,419,2024-02-09 14:20:36.380677
305,356,140,2024-02-09 14:20:36.380677
306,13,103,2024-02-09 14:20:36.380677
307,203,531,2024-02-09 14:20:36.380677
308,362,520,2024-02-09 14:20:36.380677
309,52,437,2024-02-09 14:20:36.380677
310,241,306,2024-02-09 14:20:36.380677
311,106,520,2024-02-09 14:20:36.380677
312,238,330,2024-02-09 14:20:36.380677
313,74,424,2024-02-09 14:20:36.380677
314,176,234,2024-02-09 14:20:36.380677
315,7,136,2024-02-09 14:20:36.380677
316,348,220,2024-02-09 14:20:36.380677
317,334,204,2024-02-09 14:20:36.380677
318,287,230,2024-02-09 14:20:36.380677
319,180,412,2024-02-09 14:20:36.380677
320,150,317,2024-02-09 14:20:36.380677
321,265,212,2024-02-09 14:20:36.380677
322,112,313,2024-02-09 14:20:36.380677
323,173,317,2024-02-09 14:20:36.380677
324,97,427,2024-02-09 14:20:36.380677
325,393,512,2024-02-09 14:20:36.380677
326,108,212,2024-02-09 14:20:36.380677
327,28,530,2024-02-09 14:20:36.380677
328,366,338,2024-02-09 14:20:36.380677
329,270,136,2024-02-09 14:20:36.380677
330,192,439,2024-02-09 14:20:36.380677
331,185,109,2024-02-09 14:20:36.380677
332,300,232,2024-02-09 14:20:36.380677
333,101,506,2024-02-09 14:20:36.380677
334,206,233,2024-02-09 14:20:36.380677
335,231,203,2024-02-09 14:20:36.380677
336,158,212,2024-02-09 14:20:36.380677
337,186,131,2024-02-09 14:20:36.380677
338,114,339,2024-02-09 14:20:36.380677
339,177,308,2024-02-09 14:20:36.380677
340,316,207,2024-02-09 14:20:36.380677
341,136,132,2024-02-09 14:20:36.380677
342,72,235,2024-02-09 14:20:36.380677
343,226,429,2024-02-09 14:20:36.380677
344,335,308,2024-02-09 14:20:36.380677
345,79,310,2024-02-09 14:20:36.380677
346,283,526,2024-02-09 14:20:36.380677
347,172,117,2024-02-09 14:20:36.380677
348,85,128,2024-02-09 14:20:36.380677
349,181,134,2024-02-09 14:20:36.380677
350,44,538,2024-02-09 14:20:36.380677
351,193,415,2024-02-09 14:20:36.380677
352,287,517,2024-02-09 14:20:36.380677
353,361,538,2024-02-09 14:20:36.380677
354,184,538,2024-02-09 14:20:36.380677
355,372,110,2024-02-09 14:20:36.380677
356,152,418,2024-02-09 14:20:36.380677
357,24,239,2024-02-09 14:20:36.380677
358,123,230,2024-02-09 14:20:36.380677
359,32,335,2024-02-09 14:20:36.380677
360,305,430,2024-02-09 14:20:36.380677
361,315,410,2024-02-09 14:20:36.380677
362,186,319,2024-02-09 14:20:36.380677
363,234,129,2024-02-09 14:20:36.380677
364,302,418,2024-02-09 14:20:36.380677
365,246,515,2024-02-09 14:20:36.380677
366,375,323,2024-02-09 14:20:36.380677
367,199,402,2024-02-09 14:20:36.380677
368,40,128,2024-02-09 14:20:36.380677
369,247,107,2024-02-09 14:20:36.380677
370,56,511,2024-02-09 14:20:36.380677
371,338,428,2024-02-09 14:20:36.380677
372,134,114,2024-02-09 14:20:36.380677
373,65,340,2024-02-09 14:20:36.380677
374,292,407,2024-02-09 14:20:36.380677
375,371,136,2024-02-09 14:20:36.380677
376,95,107,2024-02-09 14:20:36.380677
377,371,240,2024-02-09 14:20:36.380677
378,238,335,2024-02-09 14:20:36.380677
379,264,122,2024-02-09 14:20:36.380677
380,189,309,2024-02-09 14:20:36.380677
381,239,305,2024-02-09 14:20:36.380677
382,320,123,2024-02-09 14:20:36.380677
383,277,132,2024-02-09 14:20:36.380677
384,229,204,2024-02-09 14:20:36.380677
385,36,336,2024-02-09 14:20:36.380677
386,385,209,2024-02-09 14:20:36.380677
387,82,137,2024-02-09 14:20:36.380677
388,369,409,2024-02-09 14:20:36.380677
389,345,304,2024-02-09 14:20:36.380677
390,251,405,2024-02-09 14:20:36.380677
391,129,435,2024-02-09 14:20:36.380677
392,316,220,2024-02-09 14:20:36.380677
393,304,505,2024-02-09 14:20:36.380677
394,359,112,2024-02-09 14:20:36.380677
395,5,403,2024-02-09 14:20:36.380677
396,102,227,2024-02-09 14:20:36.380677
397,251,316,2024-02-09 14:20:36.380677
398,74,129,2024-02-09 14:20:36.380677
399,397,233,2024-02-09 14:20:36.380677
400,167,307,2024-02-09 14:20:36.380677
