payment_id,reservation_id,provider,account_number,payment_status,payment_date,expire_date,created_at
1,1,Ovo,038137149,Success,2020-10-20 17:07:04.406,2020-10-28 18:10:37.175,2024-02-09 13:59:59.248495
2,2,BCA,042103729,Success,2015-02-28 16:44:56.703,2015-03-08 05:27:33.443,2024-02-09 13:59:59.248495
3,3,Permata,058689635,Success,2022-04-03 13:27:30.811,2022-04-06 14:20:57.846,2024-02-09 13:59:59.248495
4,4,BNI,107161965,Success,2019-10-04 08:39:56.034,2019-10-08 02:01:21.209,2024-02-09 13:59:59.248495
5,5,BSI,014334131,Failed,,2020-06-14 12:02:55.669,2024-02-09 13:59:59.248495
6,6,Ovo,043583173,Waiting,,2020-03-25 03:35:27.294,2024-02-09 13:59:59.248495
7,7,BSI,021381685,Waiting,,2017-10-12 03:15:31.976,2024-02-09 13:59:59.248495
8,8,Permata,119636925,Success,2019-07-06 00:27:04.653,2019-07-16 05:38:12.603,2024-02-09 13:59:59.248495
9,9,Mandiri,128447299,Success,2020-10-22 21:58:00.410,2020-11-07 21:05:56.055,2024-02-09 13:59:59.248495
10,10,BCA,021032743,Failed,,2021-03-23 15:28:53.857,2024-02-09 13:59:59.248495
11,11,BCA,016173439,Success,2015-12-30 19:38:38.538,2016-01-04 23:05:09.802,2024-02-09 13:59:59.248495
12,12,Mandiri,104632264,Success,2016-04-20 11:00:30.806,2016-04-29 02:21:20.891,2024-02-09 13:59:59.248495
13,13,BSI,043534397,Failed,,2021-03-09 03:35:10.487,2024-02-09 13:59:59.248495
14,14,BNI,049889648,Success,2015-08-30 02:50:08.222,2015-09-06 15:20:00.703,2024-02-09 13:59:59.248495
15,15,Ovo,018430413,Success,2015-08-25 14:16:14.426,2015-09-11 10:50:49.605,2024-02-09 13:59:59.248495
16,16,BSI,050658732,Success,2015-06-20 02:46:39.973,2015-07-14 03:01:07.619,2024-02-09 13:59:59.248495
17,17,Permata,127295361,Waiting,,2017-07-04 16:06:26.397,2024-02-09 13:59:59.248495
18,18,Ovo,017623865,Failed,,2022-02-07 12:28:06.762,2024-02-09 13:59:59.248495
19,19,Permata,045720659,Success,2020-08-13 21:31:51.720,2020-08-18 00:19:21.200,2024-02-09 13:59:59.248495
20,20,BRI,024522616,Success,2019-04-29 02:30:35.993,2019-05-04 07:50:25.941,2024-02-09 13:59:59.248495
21,21,BCA,040171274,Success,2016-07-05 21:12:14.843,2016-07-23 13:34:21.552,2024-02-09 13:59:59.248495
22,22,BSI,087325119,Success,2022-09-14 04:05:25.125,2022-09-22 05:26:27.455,2024-02-09 13:59:59.248495
23,23,Mandiri,080424842,Waiting,,2015-12-27 08:40:25.543,2024-02-09 13:59:59.248495
24,24,Dana,068014753,Success,2018-04-22 10:35:56.072,2018-04-23 08:43:05.754,2024-02-09 13:59:59.248495
25,25,Ovo,067955907,Waiting,,2018-01-23 00:35:29.432,2024-02-09 13:59:59.248495
26,26,Ovo,118567367,Success,2022-07-15 21:16:23.550,2022-07-18 12:52:41.212,2024-02-09 13:59:59.248495
27,27,Mandiri,063877474,Success,2023-09-23 08:40:39.730,2023-09-24 01:16:48.101,2024-02-09 13:59:59.248495
28,28,Mandiri,056900633,Success,2017-02-05 15:32:32.753,2017-02-18 06:59:20.424,2024-02-09 13:59:59.248495
29,29,Permata,085393525,Success,2023-01-28 12:45:00.348,2023-01-31 03:41:40.888,2024-02-09 13:59:59.248495
30,30,BNI,077692616,Failed,,2022-10-24 00:18:02.325,2024-02-09 13:59:59.248495
31,31,BRI,109047964,Success,2017-05-01 20:28:13.755,2017-05-09 08:51:12.372,2024-02-09 13:59:59.248495
32,32,Mandiri,042562920,Success,2015-04-19 16:25:57.795,2015-04-23 08:29:01.599,2024-02-09 13:59:59.248495
33,33,BSI,011185396,Failed,,2019-07-04 21:42:17.104,2024-02-09 13:59:59.248495
34,34,BNI,126055117,Success,2022-06-29 04:45:09.569,2022-07-03 02:19:06.766,2024-02-09 13:59:59.248495
35,35,BNI,067319268,Success,2021-03-08 00:19:09.674,2021-04-02 21:35:18.446,2024-02-09 13:59:59.248495
36,36,BCA,068405388,Success,2019-01-05 08:33:46.361,2019-01-09 02:25:55.280,2024-02-09 13:59:59.248495
37,37,Permata,074409310,Success,2021-02-22 23:33:09.517,2021-03-07 10:41:32.072,2024-02-09 13:59:59.248495
38,38,BSI,077891129,Success,2023-08-23 00:36:18.891,2023-09-01 14:07:51.339,2024-02-09 13:59:59.248495
39,39,BNI,085258754,Waiting,,2023-03-10 01:12:22.026,2024-02-09 13:59:59.248495
40,40,Mandiri,082684305,Failed,,2023-12-25 09:52:31.666,2024-02-09 13:59:59.248495
41,41,Dana,047696118,Success,2020-02-27 10:00:13.749,2020-02-28 04:37:35.641,2024-02-09 13:59:59.248495
42,42,Permata,020744456,Success,2022-08-12 06:55:05.659,2022-08-24 09:26:35.508,2024-02-09 13:59:59.248495
43,43,Permata,093997599,Success,2016-03-15 12:39:13.901,2016-04-05 14:50:43.437,2024-02-09 13:59:59.248495
44,44,Dana,084870612,Success,2020-07-28 08:11:48.573,2020-07-30 06:38:43.895,2024-02-09 13:59:59.248495
45,45,BRI,041401341,Success,2022-11-16 11:46:45.890,2022-11-26 16:05:43.658,2024-02-09 13:59:59.248495
46,46,Dana,114271479,Success,2019-08-13 02:30:29.381,2019-08-20 00:39:27.665,2024-02-09 13:59:59.248495
47,47,Ovo,049379721,Success,2023-11-26 00:37:55.621,2023-12-16 06:31:35.617,2024-02-09 13:59:59.248495
48,48,BCA,101980100,Success,2020-11-20 18:33:57.224,2020-11-25 15:59:37.295,2024-02-09 13:59:59.248495
49,49,Dana,076380741,Success,2021-09-30 22:51:39.392,2021-10-02 02:48:59.764,2024-02-09 13:59:59.248495
50,50,Dana,120095487,Waiting,,2021-05-03 19:49:22.287,2024-02-09 13:59:59.248495
51,51,Permata,037124593,Success,2023-06-10 08:09:57.495,2023-07-02 21:50:33.150,2024-02-09 13:59:59.248495
52,52,Dana,057906144,Success,2021-11-14 13:20:46.221,2021-11-26 11:07:51.214,2024-02-09 13:59:59.248495
53,53,BRI,080320784,Waiting,,2023-05-11 18:08:14.305,2024-02-09 13:59:59.248495
54,54,Permata,085084669,Success,2015-05-31 20:07:04.540,2015-06-12 11:54:49.849,2024-02-09 13:59:59.248495
55,55,BNI,096554777,Success,2018-12-14 17:32:02.951,2018-12-19 04:32:43.135,2024-02-09 13:59:59.248495
56,56,Dana,026643726,Waiting,,2019-06-21 16:11:44.478,2024-02-09 13:59:59.248495
57,57,BSI,096309210,Success,2020-04-14 12:15:04.336,2020-04-18 06:13:07.614,2024-02-09 13:59:59.248495
58,58,BCA,023778636,Waiting,,2022-01-29 23:14:13.514,2024-02-09 13:59:59.248495
59,59,Mandiri,108066807,Success,2017-11-11 03:42:20.481,2017-11-13 17:15:11.355,2024-02-09 13:59:59.248495
60,60,BRI,110497723,Success,2023-04-15 19:37:12.782,2023-04-16 04:38:12.455,2024-02-09 13:59:59.248495
61,61,BSI,047423080,Success,2019-03-18 21:20:10.362,2019-04-03 22:53:23.095,2024-02-09 13:59:59.248495
62,62,Ovo,098612293,Success,2016-06-25 07:11:03.340,2016-07-01 17:54:37.944,2024-02-09 13:59:59.248495
63,63,BNI,070613362,Success,2019-07-28 11:05:08.955,2019-08-03 05:39:22.799,2024-02-09 13:59:59.248495
64,64,Dana,089704042,Success,2015-11-18 22:08:04.793,2015-11-20 06:28:29.081,2024-02-09 13:59:59.248495
65,65,Dana,010612190,Failed,,2016-03-03 18:51:54.191,2024-02-09 13:59:59.248495
66,66,BRI,084134154,Waiting,,2019-10-14 14:03:46.277,2024-02-09 13:59:59.248495
67,67,Permata,105844734,Failed,,2022-09-08 18:50:59.286,2024-02-09 13:59:59.248495
68,68,Ovo,114214960,Failed,,2019-10-31 02:42:12.650,2024-02-09 13:59:59.248495
69,69,Mandiri,082425108,Success,2017-06-28 04:34:19.252,2017-06-29 17:37:30.305,2024-02-09 13:59:59.248495
70,70,Dana,067195893,Success,2016-10-12 00:28:15.222,2016-11-02 18:51:32.716,2024-02-09 13:59:59.248495
71,71,BSI,044379182,Success,2022-06-29 01:22:52.919,2022-07-04 23:09:59.988,2024-02-09 13:59:59.248495
72,72,Permata,071608994,Success,2016-02-07 00:26:54.307,2016-02-11 15:01:20.193,2024-02-09 13:59:59.248495
73,73,BNI,108631148,Success,2021-01-04 10:40:52.597,2021-01-04 13:54:49.421,2024-02-09 13:59:59.248495
74,74,BCA,025988916,Success,2015-01-06 18:04:12.385,2015-01-13 20:28:42.341,2024-02-09 13:59:59.248495
75,75,Ovo,083806784,Failed,,2019-04-19 20:22:23.677,2024-02-09 13:59:59.248495
76,76,BRI,012041497,Success,2020-07-02 16:13:11.932,2020-07-17 17:38:17.101,2024-02-09 13:59:59.248495
77,77,Permata,107239033,Success,2023-12-06 22:13:51.614,2023-12-18 11:04:15.189,2024-02-09 13:59:59.248495
78,78,BSI,105022242,Failed,,2015-05-27 12:30:12.943,2024-02-09 13:59:59.248495
79,79,Dana,032745579,Success,2017-12-08 05:25:19.282,2017-12-30 18:38:36.992,2024-02-09 13:59:59.248495
80,80,BRI,091643379,Success,2015-04-17 18:52:42.263,2015-04-24 16:40:22.687,2024-02-09 13:59:59.248495
81,81,BSI,060394675,Success,2019-06-19 07:26:25.436,2019-06-20 09:32:49.233,2024-02-09 13:59:59.248495
82,82,Ovo,068940584,Success,2015-08-03 14:06:09.588,2015-08-04 23:55:12.720,2024-02-09 13:59:59.248495
83,83,Mandiri,068817620,Success,2020-02-21 00:55:12.000,2020-03-10 21:05:40.467,2024-02-09 13:59:59.248495
84,84,BSI,087382068,Failed,,2021-10-21 17:02:15.577,2024-02-09 13:59:59.248495
85,85,BSI,071827432,Failed,,2017-09-21 08:23:18.169,2024-02-09 13:59:59.248495
86,86,Permata,119271005,Success,2022-06-26 10:53:36.921,2022-06-27 17:39:58.972,2024-02-09 13:59:59.248495
87,87,BRI,065601897,Success,2016-05-09 04:43:16.673,2016-05-23 07:56:07.111,2024-02-09 13:59:59.248495
88,88,BCA,036074877,Success,2023-11-10 07:06:09.877,2023-11-10 18:03:50.074,2024-02-09 13:59:59.248495
89,89,Permata,020016087,Failed,,2017-06-18 21:27:53.264,2024-02-09 13:59:59.248495
90,90,Mandiri,114214151,Success,2016-12-07 08:09:32.799,2016-12-15 01:03:47.632,2024-02-09 13:59:59.248495
91,91,BNI,118900458,Success,2020-05-12 05:16:15.834,2020-05-18 06:31:50.530,2024-02-09 13:59:59.248495
92,92,Dana,097779292,Failed,,2020-05-14 09:29:03.113,2024-02-09 13:59:59.248495
93,93,Dana,087146592,Success,2021-09-15 06:34:49.551,2021-09-19 15:53:29.023,2024-02-09 13:59:59.248495
94,94,Dana,096030822,Success,2017-08-09 20:23:13.769,2017-09-05 02:41:10.294,2024-02-09 13:59:59.248495
95,95,Ovo,040338389,Success,2017-10-17 20:06:21.595,2017-11-02 20:23:54.866,2024-02-09 13:59:59.248495
96,96,Dana,064513164,Success,2016-01-08 04:26:10.318,2016-01-18 15:53:37.992,2024-02-09 13:59:59.248495
97,97,Ovo,114181064,Success,2017-11-22 01:42:36.010,2017-12-03 05:35:37.078,2024-02-09 13:59:59.248495
98,98,BCA,028492784,Waiting,,2017-12-09 12:07:29.771,2024-02-09 13:59:59.248495
99,99,BNI,028958448,Success,2017-09-16 05:54:25.615,2017-10-08 18:03:37.462,2024-02-09 13:59:59.248495
100,100,BRI,110740894,Failed,,2021-01-05 01:47:16.102,2024-02-09 13:59:59.248495
101,101,Ovo,080919755,Failed,,2021-11-17 19:24:15.874,2024-02-09 13:59:59.248495
102,102,BRI,078226735,Success,2018-11-02 08:47:58.713,2018-11-16 18:14:40.984,2024-02-09 13:59:59.248495
103,103,BSI,023332030,Success,2018-02-14 19:33:07.335,2018-02-18 06:13:45.235,2024-02-09 13:59:59.248495
104,104,Permata,110732310,Success,2018-01-22 00:29:12.397,2018-02-04 22:31:48.537,2024-02-09 13:59:59.248495
105,105,BRI,013715311,Success,2016-07-02 18:03:58.500,2016-07-04 19:05:01.717,2024-02-09 13:59:59.248495
106,106,Mandiri,021875816,Failed,,2017-03-16 08:25:49.194,2024-02-09 13:59:59.248495
107,107,BRI,074041480,Success,2015-07-02 14:04:26.966,2015-07-03 01:12:22.413,2024-02-09 13:59:59.248495
108,108,BNI,113371710,Success,2016-11-28 18:45:34.751,2016-12-04 21:40:25.070,2024-02-09 13:59:59.248495
109,109,Dana,013405278,Success,2023-08-07 21:04:13.921,2023-08-10 09:33:37.996,2024-02-09 13:59:59.248495
110,110,Ovo,016329474,Success,2019-12-23 20:53:00.975,2019-12-30 08:55:46.425,2024-02-09 13:59:59.248495
111,111,BNI,049043659,Success,2016-09-06 23:26:02.418,2016-09-11 22:56:03.510,2024-02-09 13:59:59.248495
112,112,Permata,049930076,Success,2023-09-03 03:28:41.011,2023-09-19 02:26:55.706,2024-02-09 13:59:59.248495
113,113,BSI,108194070,Success,2018-02-01 11:30:54.222,2018-02-01 21:17:14.499,2024-02-09 13:59:59.248495
114,114,BCA,106385357,Waiting,,2018-03-13 03:18:42.432,2024-02-09 13:59:59.248495
115,115,BRI,112636786,Success,2020-10-04 14:31:20.776,2020-10-28 11:20:04.777,2024-02-09 13:59:59.248495
116,116,BRI,129528049,Success,2023-07-23 09:23:23.727,2023-07-24 22:15:30.736,2024-02-09 13:59:59.248495
117,117,BCA,022906027,Success,2017-04-24 20:02:22.709,2017-05-05 03:26:28.122,2024-02-09 13:59:59.248495
118,118,Permata,117408100,Success,2023-05-22 10:47:22.187,2023-05-23 22:47:14.262,2024-02-09 13:59:59.248495
119,119,BRI,112265555,Success,2015-12-14 21:41:03.111,2016-01-04 10:09:19.323,2024-02-09 13:59:59.248495
120,120,Mandiri,054356852,Success,2019-06-01 12:50:33.657,2019-06-01 15:36:56.753,2024-02-09 13:59:59.248495
121,121,Mandiri,041807369,Success,2020-10-21 05:05:27.481,2020-10-23 17:47:19.798,2024-02-09 13:59:59.248495
122,122,Mandiri,097538352,Success,2016-02-27 03:00:38.510,2016-03-05 23:45:39.355,2024-02-09 13:59:59.248495
123,123,BCA,066530718,Success,2015-07-06 02:06:00.974,2015-07-06 03:03:56.884,2024-02-09 13:59:59.248495
124,124,BNI,059932996,Waiting,,2021-12-14 06:01:32.181,2024-02-09 13:59:59.248495
125,125,BSI,018840304,Failed,,2020-12-29 16:39:37.056,2024-02-09 13:59:59.248495
126,126,Mandiri,011398248,Success,2019-01-07 20:07:31.978,2019-01-10 16:13:01.823,2024-02-09 13:59:59.248495
127,127,BNI,109460981,Success,2022-06-27 21:28:30.793,2022-06-28 07:13:21.358,2024-02-09 13:59:59.248495
128,128,BCA,041809215,Success,2021-06-19 03:11:07.682,2021-06-21 20:28:16.700,2024-02-09 13:59:59.248495
129,129,BRI,096588484,Success,2019-11-19 15:57:14.924,2019-11-22 04:12:02.314,2024-02-09 13:59:59.248495
130,130,BNI,082042552,Failed,,2015-09-30 13:59:15.409,2024-02-09 13:59:59.248495
131,131,BRI,072388763,Success,2021-12-03 07:44:11.045,2021-12-04 07:24:19.517,2024-02-09 13:59:59.248495
132,132,Dana,015609409,Success,2016-08-09 18:32:53.807,2016-08-09 20:04:05.426,2024-02-09 13:59:59.248495
133,133,Ovo,039017611,Success,2019-02-16 16:28:10.458,2019-02-18 08:43:03.965,2024-02-09 13:59:59.248495
134,134,Permata,117282627,Success,2023-12-27 10:44:03.834,2024-01-16 01:01:08.301,2024-02-09 13:59:59.248495
135,135,BCA,047044524,Failed,,2019-01-25 03:46:40.861,2024-02-09 13:59:59.248495
136,136,BNI,029371273,Success,2019-01-17 16:20:27.255,2019-01-21 12:01:07.673,2024-02-09 13:59:59.248495
137,137,BNI,111213346,Success,2017-08-23 13:03:48.717,2017-08-23 22:12:07.577,2024-02-09 13:59:59.248495
138,138,Mandiri,016702868,Success,2016-01-19 20:59:48.846,2016-02-03 11:05:40.177,2024-02-09 13:59:59.248495
139,139,Ovo,016640674,Success,2016-09-15 14:06:21.733,2016-09-20 18:18:02.814,2024-02-09 13:59:59.248495
140,140,Permata,059412021,Waiting,,2022-11-17 16:59:36.532,2024-02-09 13:59:59.248495
141,141,Ovo,100541223,Success,2023-04-15 00:03:55.370,2023-04-23 22:20:21.380,2024-02-09 13:59:59.248495
142,142,BCA,086038643,Success,2019-04-28 02:43:52.750,2019-05-01 09:17:16.101,2024-02-09 13:59:59.248495
143,143,BCA,048048794,Success,2020-02-12 04:01:19.147,2020-02-18 04:48:48.000,2024-02-09 13:59:59.248495
144,144,Dana,111270237,Success,2023-06-16 09:27:51.715,2023-06-20 13:00:25.590,2024-02-09 13:59:59.248495
145,145,BRI,079459255,Success,2021-02-18 03:52:24.319,2021-02-18 04:20:31.544,2024-02-09 13:59:59.248495
146,146,BRI,054845703,Success,2017-04-10 19:59:18.441,2017-04-16 11:33:13.071,2024-02-09 13:59:59.248495
147,147,Ovo,042693530,Success,2021-04-23 16:18:27.078,2021-05-11 13:05:54.158,2024-02-09 13:59:59.248495
148,148,Mandiri,044557933,Failed,,2016-02-14 13:49:58.485,2024-02-09 13:59:59.248495
149,149,BRI,079186421,Success,2023-07-02 19:06:42.710,2023-07-08 15:59:43.652,2024-02-09 13:59:59.248495
150,150,BSI,042117731,Success,2018-05-06 16:53:47.963,2018-05-25 05:22:03.362,2024-02-09 13:59:59.248495
151,151,Mandiri,080242956,Success,2023-11-09 03:16:16.765,2023-11-15 02:23:12.644,2024-02-09 13:59:59.248495
152,152,Mandiri,076835487,Success,2023-06-22 09:39:10.432,2023-07-01 14:29:01.573,2024-02-09 13:59:59.248495
153,153,Ovo,102583247,Failed,,2021-12-03 04:39:34.368,2024-02-09 13:59:59.248495
154,154,BNI,091949646,Success,2016-04-25 14:38:10.901,2016-05-01 00:16:38.640,2024-02-09 13:59:59.248495
155,155,BSI,025537972,Success,2020-05-13 00:04:55.988,2020-05-15 15:09:54.575,2024-02-09 13:59:59.248495
156,156,BRI,039169459,Success,2023-08-19 21:28:52.649,2023-08-31 21:53:59.630,2024-02-09 13:59:59.248495
157,157,Permata,087471571,Success,2019-01-19 12:24:41.549,2019-02-03 03:15:15.424,2024-02-09 13:59:59.248495
158,158,Dana,124194368,Success,2020-07-09 22:46:56.511,2020-07-13 21:40:44.117,2024-02-09 13:59:59.248495
159,159,BRI,106847031,Success,2018-09-29 23:17:15.479,2018-10-11 19:59:25.513,2024-02-09 13:59:59.248495
160,160,BNI,054609062,Success,2019-02-20 12:15:47.369,2019-02-22 16:52:55.972,2024-02-09 13:59:59.248495
161,161,BCA,027093401,Success,2018-06-02 12:08:18.753,2018-06-02 16:31:51.790,2024-02-09 13:59:59.248495
162,162,BRI,066627773,Success,2017-04-12 13:50:29.168,2017-05-07 19:18:39.389,2024-02-09 13:59:59.248495
163,163,Permata,031791223,Success,2018-06-22 13:27:13.404,2018-07-09 17:18:30.420,2024-02-09 13:59:59.248495
164,164,BSI,124214471,Success,2018-03-07 00:43:44.620,2018-03-10 12:02:59.063,2024-02-09 13:59:59.248495
165,165,Ovo,123479000,Success,2020-06-30 03:24:01.348,2020-07-11 18:20:39.305,2024-02-09 13:59:59.248495
166,166,BNI,054958645,Success,2022-01-21 01:54:04.836,2022-01-23 11:53:46.645,2024-02-09 13:59:59.248495
167,167,BNI,063587078,Success,2015-12-22 05:55:21.989,2015-12-29 15:27:54.764,2024-02-09 13:59:59.248495
168,168,Permata,077313351,Success,2021-07-03 19:29:06.646,2021-07-07 01:21:52.214,2024-02-09 13:59:59.248495
169,169,BSI,101249401,Success,2016-02-11 16:02:36.491,2016-02-14 15:31:48.214,2024-02-09 13:59:59.248495
170,170,Permata,109877147,Success,2019-12-10 12:37:15.370,2019-12-11 09:30:54.498,2024-02-09 13:59:59.248495
171,171,BCA,080373032,Success,2015-03-26 12:38:54.726,2015-04-08 09:30:50.754,2024-02-09 13:59:59.248495
172,172,Permata,069235939,Success,2018-09-28 06:14:54.129,2018-10-18 04:59:54.349,2024-02-09 13:59:59.248495
173,173,BRI,018507401,Success,2019-06-02 07:04:43.993,2019-06-03 19:54:23.800,2024-02-09 13:59:59.248495
174,174,BSI,034401248,Success,2017-09-21 16:33:37.887,2017-10-18 17:51:43.088,2024-02-09 13:59:59.248495
175,175,BCA,041300824,Success,2015-11-13 06:37:48.464,2015-11-17 06:47:37.032,2024-02-09 13:59:59.248495
176,176,BCA,058549979,Failed,,2023-06-29 22:01:22.599,2024-02-09 13:59:59.248495
177,177,BCA,063199262,Success,2023-10-28 03:18:58.367,2023-10-29 09:51:10.654,2024-02-09 13:59:59.248495
178,178,Ovo,010014277,Success,2022-11-25 20:14:55.940,2022-11-30 14:20:27.780,2024-02-09 13:59:59.248495
179,179,Permata,065642898,Success,2021-06-05 13:57:59.558,2021-06-10 01:52:37.988,2024-02-09 13:59:59.248495
180,180,BNI,126038312,Success,2018-05-25 02:37:08.440,2018-06-05 11:57:28.949,2024-02-09 13:59:59.248495
181,181,Mandiri,026549435,Success,2022-10-28 15:30:17.644,2022-11-20 03:35:53.738,2024-02-09 13:59:59.248495
182,182,BNI,088516516,Success,2022-12-11 00:43:33.338,2022-12-20 02:54:14.937,2024-02-09 13:59:59.248495
183,183,BNI,034710201,Success,2016-01-09 19:17:47.198,2016-01-27 16:18:40.414,2024-02-09 13:59:59.248495
184,184,Mandiri,057878450,Success,2020-09-06 18:23:43.109,2020-09-20 10:14:00.984,2024-02-09 13:59:59.248495
185,185,BCA,078598146,Failed,,2017-08-16 04:47:21.264,2024-02-09 13:59:59.248495
186,186,BCA,046651442,Success,2016-10-27 11:30:25.573,2016-11-02 17:05:44.200,2024-02-09 13:59:59.248495
187,187,BCA,107701626,Success,2022-04-28 07:56:35.947,2022-04-28 08:10:31.081,2024-02-09 13:59:59.248495
188,188,BRI,029682302,Success,2023-11-21 12:34:46.036,2023-11-25 15:58:03.148,2024-02-09 13:59:59.248495
189,189,BSI,123004857,Success,2020-10-09 00:19:49.261,2020-10-24 02:49:59.590,2024-02-09 13:59:59.248495
190,190,Dana,114349039,Success,2023-10-03 14:43:32.484,2023-10-08 14:35:25.300,2024-02-09 13:59:59.248495
191,191,BRI,125746304,Success,2018-12-07 21:55:44.156,2018-12-08 22:53:02.171,2024-02-09 13:59:59.248495
192,192,Mandiri,063670354,Success,2021-08-26 17:30:40.715,2021-08-28 00:34:18.179,2024-02-09 13:59:59.248495
193,193,Dana,010302882,Success,2015-12-25 00:50:38.585,2016-01-04 12:03:11.355,2024-02-09 13:59:59.248495
194,194,BSI,065368334,Success,2023-04-10 21:24:44.500,2023-04-15 01:45:09.596,2024-02-09 13:59:59.248495
195,195,Permata,039803058,Success,2018-05-21 12:56:53.241,2018-05-29 01:28:50.020,2024-02-09 13:59:59.248495
196,196,Dana,020122829,Success,2018-09-14 07:16:35.215,2018-09-25 22:10:24.376,2024-02-09 13:59:59.248495
197,197,BCA,090955301,Success,2015-04-19 14:47:01.301,2015-04-20 22:04:46.409,2024-02-09 13:59:59.248495
198,198,Ovo,039095633,Success,2018-03-11 06:56:26.821,2018-03-16 08:08:53.345,2024-02-09 13:59:59.248495
199,199,Mandiri,046651756,Waiting,,2022-09-23 14:24:59.100,2024-02-09 13:59:59.248495
200,200,BSI,082534921,Success,2019-07-16 13:36:57.936,2019-07-17 05:49:57.765,2024-02-09 13:59:59.248495
201,201,Permata,024894917,Success,2023-09-11 19:54:54.931,2023-09-24 04:53:53.233,2024-02-09 13:59:59.248495
202,202,Dana,027122262,Success,2017-06-30 15:58:43.385,2017-07-16 18:10:36.076,2024-02-09 13:59:59.248495
203,203,Ovo,122565481,Failed,,2019-01-06 01:49:17.412,2024-02-09 13:59:59.248495
204,204,BNI,091961527,Success,2023-04-12 21:11:14.982,2023-04-13 00:39:56.231,2024-02-09 13:59:59.248495
205,205,BNI,040044204,Success,2015-10-12 01:48:34.172,2015-10-13 10:14:28.014,2024-02-09 13:59:59.248495
206,206,Dana,012702794,Failed,,2016-01-08 08:18:20.591,2024-02-09 13:59:59.248495
207,207,BNI,013289119,Waiting,,2016-10-18 19:44:29.455,2024-02-09 13:59:59.248495
208,208,Permata,013697992,Success,2016-05-13 18:40:40.985,2016-05-19 08:29:00.567,2024-02-09 13:59:59.248495
209,209,BSI,079933247,Success,2016-10-09 03:25:04.053,2016-10-11 02:20:31.404,2024-02-09 13:59:59.248495
210,210,Mandiri,069488375,Failed,,2021-05-04 11:40:27.803,2024-02-09 13:59:59.248495
211,211,BCA,068711373,Success,2016-10-13 08:56:58.526,2016-11-03 00:19:27.595,2024-02-09 13:59:59.248495
212,212,BSI,118066127,Success,2020-05-14 04:02:06.802,2020-05-28 08:52:24.379,2024-02-09 13:59:59.248495
213,213,BCA,084957315,Success,2016-11-05 17:28:24.937,2016-11-18 20:57:13.745,2024-02-09 13:59:59.248495
214,214,BCA,094410428,Success,2022-03-03 13:23:21.250,2022-03-12 09:09:20.053,2024-02-09 13:59:59.248495
215,215,BSI,020623580,Success,2023-02-08 23:31:24.568,2023-02-10 11:59:51.914,2024-02-09 13:59:59.248495
216,216,Dana,055117731,Success,2021-09-05 20:02:53.980,2021-09-16 12:33:30.562,2024-02-09 13:59:59.248495
217,217,BSI,058096846,Success,2018-09-03 20:55:27.765,2018-09-08 15:45:41.017,2024-02-09 13:59:59.248495
218,218,BCA,085184417,Success,2015-12-01 02:39:54.232,2015-12-02 21:27:32.109,2024-02-09 13:59:59.248495
219,219,Mandiri,075973298,Success,2015-06-11 03:42:31.347,2015-07-01 20:02:30.059,2024-02-09 13:59:59.248495
220,220,BSI,022111029,Success,2023-06-23 12:15:24.316,2023-06-23 17:58:19.529,2024-02-09 13:59:59.248495
221,221,BRI,045301997,Success,2018-01-11 11:04:42.695,2018-01-12 06:19:50.544,2024-02-09 13:59:59.248495
222,222,Dana,078599831,Success,2020-06-26 20:02:18.341,2020-07-03 10:41:28.177,2024-02-09 13:59:59.248495
223,223,BSI,080164283,Success,2018-03-14 00:05:53.857,2018-03-18 06:53:15.275,2024-02-09 13:59:59.248495
224,224,Permata,044385040,Success,2017-10-19 07:23:35.484,2017-10-20 09:14:24.800,2024-02-09 13:59:59.248495
225,225,Mandiri,047006902,Success,2020-07-20 22:39:18.375,2020-08-11 16:51:47.994,2024-02-09 13:59:59.248495
226,226,Permata,078167658,Success,2017-12-09 03:06:15.212,2017-12-25 11:38:15.188,2024-02-09 13:59:59.248495
227,227,Dana,058826689,Failed,,2018-02-14 17:08:54.830,2024-02-09 13:59:59.248495
228,228,Dana,038564149,Success,2018-01-19 16:14:23.656,2018-01-25 07:28:29.570,2024-02-09 13:59:59.248495
229,229,Dana,105607926,Success,2022-03-27 20:02:38.283,2022-03-31 02:10:09.353,2024-02-09 13:59:59.248495
230,230,BSI,117651601,Waiting,,2019-05-23 21:16:33.984,2024-02-09 13:59:59.248495
231,231,Mandiri,068821412,Success,2016-10-25 03:43:30.461,2016-10-28 22:53:35.044,2024-02-09 13:59:59.248495
232,232,Ovo,038674945,Success,2019-02-03 15:59:34.169,2019-02-14 10:17:47.559,2024-02-09 13:59:59.248495
233,233,Mandiri,102084500,Success,2021-06-14 09:47:19.428,2021-06-28 03:43:23.767,2024-02-09 13:59:59.248495
234,234,Ovo,059786964,Success,2022-08-07 17:39:26.949,2022-08-19 22:58:19.237,2024-02-09 13:59:59.248495
235,235,BCA,017867553,Success,2020-04-07 11:38:02.680,2020-04-08 01:44:46.336,2024-02-09 13:59:59.248495
236,236,Permata,096202391,Success,2015-04-21 09:30:06.534,2015-05-06 12:52:16.025,2024-02-09 13:59:59.248495
237,237,BRI,085570238,Success,2018-02-25 12:57:31.460,2018-03-14 18:02:14.486,2024-02-09 13:59:59.248495
238,238,Mandiri,030346598,Success,2022-05-02 03:58:35.121,2022-05-02 23:40:13.285,2024-02-09 13:59:59.248495
239,239,BSI,103777353,Success,2020-06-28 05:13:58.215,2020-07-02 19:27:43.043,2024-02-09 13:59:59.248495
240,240,BSI,120040364,Success,2021-10-25 19:58:26.962,2021-11-07 07:41:07.130,2024-02-09 13:59:59.248495
241,241,BNI,088865047,Success,2016-01-21 03:20:08.047,2016-01-26 08:08:00.170,2024-02-09 13:59:59.248495
242,242,BRI,036578522,Success,2018-05-21 01:42:20.735,2018-06-08 20:48:03.780,2024-02-09 13:59:59.248495
243,243,BNI,055734088,Waiting,,2021-10-22 01:37:20.262,2024-02-09 13:59:59.248495
244,244,BNI,092107047,Waiting,,2022-11-09 14:17:35.337,2024-02-09 13:59:59.248495
245,245,BSI,050546297,Success,2020-05-09 11:38:24.149,2020-05-14 18:51:47.589,2024-02-09 13:59:59.248495
246,246,Mandiri,030087569,Failed,,2021-06-04 23:19:11.587,2024-02-09 13:59:59.248495
247,247,BCA,070013881,Success,2022-06-04 02:24:07.855,2022-06-22 19:43:31.582,2024-02-09 13:59:59.248495
248,248,BNI,087469651,Success,2021-01-27 16:35:05.086,2021-01-28 01:37:56.048,2024-02-09 13:59:59.248495
249,249,BNI,102212055,Success,2022-11-20 21:53:14.931,2022-11-23 11:24:37.072,2024-02-09 13:59:59.248495
250,250,BNI,113271810,Success,2015-04-20 03:28:46.821,2015-04-25 09:52:54.235,2024-02-09 13:59:59.248495
251,251,BNI,081076121,Success,2018-04-30 22:13:32.320,2018-05-25 16:01:01.008,2024-02-09 13:59:59.248495
252,252,Ovo,069945070,Failed,,2020-12-25 21:45:59.397,2024-02-09 13:59:59.248495
253,253,BSI,060785420,Success,2017-02-09 13:31:25.833,2017-02-09 21:36:22.867,2024-02-09 13:59:59.248495
254,254,BNI,119938568,Success,2023-11-17 07:20:53.477,2023-11-20 20:14:58.918,2024-02-09 13:59:59.248495
255,255,BNI,097977269,Waiting,,2018-09-22 04:47:15.281,2024-02-09 13:59:59.248495
256,256,BSI,119395499,Success,2018-04-09 05:03:50.140,2018-04-27 13:01:02.680,2024-02-09 13:59:59.248495
257,257,BSI,017721055,Success,2023-01-23 13:50:21.538,2023-01-26 09:20:53.971,2024-02-09 13:59:59.248495
258,258,Mandiri,060662255,Success,2023-11-18 12:16:38.661,2023-11-27 08:28:45.430,2024-02-09 13:59:59.248495
259,259,Mandiri,033841812,Success,2017-12-29 01:46:34.811,2017-12-30 15:15:22.642,2024-02-09 13:59:59.248495
260,260,BSI,034314319,Success,2019-12-20 10:34:23.598,2020-01-04 22:53:57.018,2024-02-09 13:59:59.248495
261,261,BSI,097320560,Success,2020-08-08 14:41:42.625,2020-08-15 17:24:39.496,2024-02-09 13:59:59.248495
262,262,Mandiri,041965696,Success,2019-11-02 23:24:51.489,2019-11-06 04:14:32.038,2024-02-09 13:59:59.248495
263,263,BRI,128485866,Failed,,2021-12-08 13:55:18.399,2024-02-09 13:59:59.248495
264,264,Dana,020642927,Success,2016-03-19 02:13:46.045,2016-03-30 18:34:36.535,2024-02-09 13:59:59.248495
265,265,BRI,073716017,Waiting,,2017-12-29 07:36:49.771,2024-02-09 13:59:59.248495
266,266,BRI,017199988,Failed,,2022-11-29 12:57:13.076,2024-02-09 13:59:59.248495
267,267,BNI,090560482,Success,2023-09-30 18:46:42.445,2023-10-03 17:28:15.585,2024-02-09 13:59:59.248495
268,268,BRI,026050364,Success,2016-08-21 20:01:50.637,2016-08-23 10:51:40.359,2024-02-09 13:59:59.248495
269,269,Mandiri,052126550,Success,2021-03-27 13:40:20.538,2021-04-22 10:55:14.680,2024-02-09 13:59:59.248495
270,270,Ovo,080152538,Success,2022-01-19 21:23:53.052,2022-01-20 08:44:03.688,2024-02-09 13:59:59.248495
271,271,Permata,049612161,Success,2020-01-14 00:33:00.323,2020-01-17 13:46:15.259,2024-02-09 13:59:59.248495
272,272,Ovo,050722781,Success,2016-08-30 00:48:26.597,2016-08-30 02:58:17.357,2024-02-09 13:59:59.248495
273,273,BNI,124941016,Success,2015-04-16 14:35:04.677,2015-04-18 00:30:18.634,2024-02-09 13:59:59.248495
274,274,BCA,037034939,Success,2020-04-17 16:31:47.154,2020-04-20 09:12:39.386,2024-02-09 13:59:59.248495
275,275,Permata,079143082,Success,2017-03-25 07:18:38.900,2017-03-30 02:22:41.238,2024-02-09 13:59:59.248495
276,276,BRI,021319097,Success,2019-12-05 05:02:46.118,2019-12-07 22:40:42.955,2024-02-09 13:59:59.248495
277,277,Mandiri,049168550,Failed,,2018-08-24 16:37:38.919,2024-02-09 13:59:59.248495
278,278,BRI,096690479,Success,2017-03-28 22:55:07.672,2017-03-29 08:27:33.783,2024-02-09 13:59:59.248495
279,279,BSI,055484189,Success,2015-04-04 09:46:54.309,2015-04-15 04:43:14.784,2024-02-09 13:59:59.248495
280,280,BSI,117451542,Waiting,,2016-10-09 18:40:04.996,2024-02-09 13:59:59.248495
281,281,BNI,012970296,Failed,,2017-03-04 13:56:06.025,2024-02-09 13:59:59.248495
282,282,BNI,058558973,Success,2016-08-31 09:49:51.452,2016-09-17 20:46:22.007,2024-02-09 13:59:59.248495
283,283,Ovo,075865458,Success,2020-08-24 04:30:29.140,2020-08-31 06:23:01.469,2024-02-09 13:59:59.248495
284,284,Dana,061096765,Success,2022-04-27 10:40:32.211,2022-05-05 04:51:49.785,2024-02-09 13:59:59.248495
285,285,BNI,115176023,Success,2020-08-26 05:45:25.304,2020-08-26 15:39:02.606,2024-02-09 13:59:59.248495
286,286,BNI,105380654,Success,2018-11-09 09:38:33.444,2018-11-10 10:20:06.570,2024-02-09 13:59:59.248495
287,287,BRI,110699110,Success,2023-03-24 21:44:18.613,2023-04-04 07:38:34.227,2024-02-09 13:59:59.248495
288,288,BRI,063378371,Success,2023-10-02 09:56:34.079,2023-10-04 03:53:46.398,2024-02-09 13:59:59.248495
289,289,BRI,023236068,Success,2018-05-29 01:51:14.073,2018-06-15 01:44:37.848,2024-02-09 13:59:59.248495
290,290,Mandiri,016229406,Success,2017-05-15 20:56:47.254,2017-05-27 10:44:48.791,2024-02-09 13:59:59.248495
291,291,BCA,127970071,Success,2018-11-13 09:21:15.423,2018-11-13 13:27:53.411,2024-02-09 13:59:59.248495
292,292,Ovo,089121405,Success,2017-05-03 02:05:12.743,2017-05-15 12:41:43.746,2024-02-09 13:59:59.248495
293,293,Mandiri,018186149,Success,2021-10-27 00:14:21.772,2021-10-27 02:55:54.653,2024-02-09 13:59:59.248495
294,294,Permata,029669558,Success,2022-11-19 20:21:49.492,2022-11-22 07:54:16.495,2024-02-09 13:59:59.248495
295,295,BNI,016974489,Success,2022-04-10 00:41:33.419,2022-04-10 09:38:46.309,2024-02-09 13:59:59.248495
296,296,BRI,070974645,Failed,,2022-05-12 18:50:23.373,2024-02-09 13:59:59.248495
297,297,BNI,074798432,Success,2015-04-30 16:32:04.208,2015-05-03 23:51:39.516,2024-02-09 13:59:59.248495
298,298,Dana,100913233,Success,2018-01-12 08:53:36.379,2018-01-18 16:01:12.467,2024-02-09 13:59:59.248495
299,299,Dana,080708966,Success,2017-12-02 18:34:00.559,2017-12-14 04:04:42.682,2024-02-09 13:59:59.248495
300,300,BRI,012978780,Success,2022-05-13 19:02:30.335,2022-05-24 05:55:48.653,2024-02-09 13:59:59.248495
301,301,Mandiri,041505807,Success,2023-04-09 17:53:24.568,2023-04-13 05:43:18.766,2024-02-09 13:59:59.248495
302,302,Ovo,042940982,Failed,,2020-09-19 11:00:19.871,2024-02-09 13:59:59.248495
303,303,Mandiri,057402240,Success,2015-12-23 05:41:20.751,2016-01-16 23:29:16.220,2024-02-09 13:59:59.248495
304,304,BRI,073921954,Success,2022-03-06 20:33:50.647,2022-03-23 15:52:44.166,2024-02-09 13:59:59.248495
305,305,Mandiri,049851074,Success,2022-07-21 11:05:28.154,2022-07-23 18:35:27.425,2024-02-09 13:59:59.248495
306,306,Permata,081925544,Success,2015-12-21 05:17:57.482,2016-01-10 03:08:01.948,2024-02-09 13:59:59.248495
307,307,Dana,087974272,Success,2023-12-16 04:29:30.000,2023-12-26 00:14:26.880,2024-02-09 13:59:59.248495
308,308,Mandiri,071014614,Success,2016-01-12 11:08:01.122,2016-01-16 13:00:30.668,2024-02-09 13:59:59.248495
309,309,BSI,042230919,Waiting,,2016-07-31 02:22:03.685,2024-02-09 13:59:59.248495
310,310,BCA,090888067,Success,2018-11-22 23:47:17.844,2018-12-14 20:11:09.019,2024-02-09 13:59:59.248495
311,311,Permata,126235937,Waiting,,2023-10-15 03:58:00.626,2024-02-09 13:59:59.248495
312,312,BRI,032755598,Success,2021-03-06 09:22:10.854,2021-03-09 17:42:03.326,2024-02-09 13:59:59.248495
313,313,BRI,022465681,Success,2016-01-09 17:56:23.614,2016-01-28 00:20:28.287,2024-02-09 13:59:59.248495
314,314,BRI,067569351,Success,2017-03-08 07:19:37.389,2017-03-11 00:16:26.142,2024-02-09 13:59:59.248495
315,315,Mandiri,120980754,Success,2018-03-10 21:32:25.730,2018-03-14 08:40:34.737,2024-02-09 13:59:59.248495
316,316,BNI,033237303,Waiting,,2015-03-13 23:30:58.195,2024-02-09 13:59:59.248495
317,317,Dana,044410889,Success,2022-08-08 22:07:45.273,2022-08-28 20:19:16.004,2024-02-09 13:59:59.248495
318,318,Mandiri,017219677,Success,2022-03-16 14:40:51.314,2022-03-25 20:37:05.067,2024-02-09 13:59:59.248495
319,319,BRI,113527674,Success,2018-05-03 16:12:32.329,2018-05-04 05:38:57.444,2024-02-09 13:59:59.248495
320,320,BCA,018677991,Success,2021-03-10 15:40:59.941,2021-03-19 03:09:13.435,2024-02-09 13:59:59.248495
321,321,Permata,073444716,Waiting,,2019-11-23 18:32:10.591,2024-02-09 13:59:59.248495
322,322,BCA,062572068,Success,2020-06-16 00:33:16.268,2020-06-27 06:31:51.097,2024-02-09 13:59:59.248495
323,323,BRI,061270015,Success,2019-02-24 22:27:24.242,2019-03-01 05:32:22.033,2024-02-09 13:59:59.248495
324,324,BSI,128615254,Success,2020-12-01 11:26:37.494,2020-12-03 02:39:35.047,2024-02-09 13:59:59.248495
325,325,Dana,033659952,Failed,,2017-10-13 20:59:49.441,2024-02-09 13:59:59.248495
326,326,BNI,082322353,Failed,,2023-08-02 23:35:39.946,2024-02-09 13:59:59.248495
327,327,Mandiri,108315930,Success,2018-12-08 22:22:37.332,2018-12-22 14:26:32.200,2024-02-09 13:59:59.248495
328,328,BSI,074319141,Success,2020-03-27 15:04:04.081,2020-04-03 23:54:15.415,2024-02-09 13:59:59.248495
329,329,Dana,082067582,Failed,,2019-05-27 05:16:54.784,2024-02-09 13:59:59.248495
330,330,Mandiri,046283069,Success,2021-05-03 13:57:16.799,2021-05-05 15:44:27.642,2024-02-09 13:59:59.248495
331,331,Ovo,035976387,Success,2023-02-11 07:57:46.426,2023-02-21 05:24:46.432,2024-02-09 13:59:59.248495
332,332,BRI,032064519,Success,2018-05-14 23:26:29.780,2018-05-20 19:10:50.746,2024-02-09 13:59:59.248495
333,333,Dana,048381118,Success,2017-12-01 16:02:49.947,2017-12-13 14:49:35.759,2024-02-09 13:59:59.248495
334,334,BRI,078524987,Success,2016-12-01 12:55:25.586,2016-12-03 08:11:41.129,2024-02-09 13:59:59.248495
335,335,Mandiri,074142017,Success,2019-06-25 03:20:35.476,2019-07-05 18:25:11.855,2024-02-09 13:59:59.248495
336,336,BSI,037632784,Success,2015-04-21 08:03:51.220,2015-04-26 10:10:16.873,2024-02-09 13:59:59.248495
337,337,BNI,114018771,Success,2018-08-26 23:17:55.605,2018-09-06 15:32:43.503,2024-02-09 13:59:59.248495
338,338,Permata,125478300,Success,2018-04-07 15:28:35.192,2018-04-10 23:21:23.149,2024-02-09 13:59:59.248495
339,339,Permata,017350604,Failed,,2023-02-11 19:21:27.303,2024-02-09 13:59:59.248495
340,340,BNI,119934834,Failed,,2016-07-17 03:50:33.098,2024-02-09 13:59:59.248495
341,341,Mandiri,035213037,Success,2021-12-19 01:12:27.407,2021-12-21 07:18:17.496,2024-02-09 13:59:59.248495
342,342,Mandiri,120792201,Success,2021-03-06 01:49:22.066,2021-03-20 04:19:55.538,2024-02-09 13:59:59.248495
343,343,Dana,044179544,Success,2022-10-26 11:56:14.214,2022-10-28 23:17:05.220,2024-02-09 13:59:59.248495
344,344,Mandiri,042208637,Success,2022-08-18 13:55:42.364,2022-08-26 23:21:03.369,2024-02-09 13:59:59.248495
345,345,Mandiri,013046462,Waiting,,2015-07-23 23:02:23.078,2024-02-09 13:59:59.248495
346,346,BNI,041880344,Success,2019-11-28 21:23:50.921,2019-11-30 14:39:17.625,2024-02-09 13:59:59.248495
347,347,Permata,087957079,Success,2017-06-20 12:23:30.512,2017-06-22 01:55:36.583,2024-02-09 13:59:59.248495
348,348,BSI,126295566,Success,2021-01-26 23:15:09.859,2021-01-29 19:08:28.873,2024-02-09 13:59:59.248495
349,349,Mandiri,082894360,Success,2018-09-06 21:58:06.700,2018-09-06 23:21:55.677,2024-02-09 13:59:59.248495
350,350,BNI,045455649,Success,2017-06-10 09:07:01.365,2017-06-14 00:26:18.932,2024-02-09 13:59:59.248495
351,351,Dana,065207958,Success,2023-02-04 00:35:40.930,2023-02-04 22:02:48.346,2024-02-09 13:59:59.248495
352,352,Mandiri,040036005,Failed,,2017-08-29 22:00:17.489,2024-02-09 13:59:59.248495
353,353,BCA,124232851,Success,2018-07-21 21:13:47.652,2018-07-22 12:47:27.626,2024-02-09 13:59:59.248495
354,354,Permata,082466905,Success,2016-05-13 04:38:52.888,2016-05-21 11:12:12.024,2024-02-09 13:59:59.248495
355,355,BNI,020163053,Success,2020-06-14 02:18:01.141,2020-06-15 12:09:07.544,2024-02-09 13:59:59.248495
356,356,BSI,039598169,Success,2018-06-15 05:30:56.491,2018-06-18 12:38:18.793,2024-02-09 13:59:59.248495
357,357,Ovo,035940245,Success,2015-12-26 13:04:05.638,2015-12-30 22:50:19.297,2024-02-09 13:59:59.248495
358,358,BCA,069723412,Success,2022-10-01 20:08:14.928,2022-10-13 00:41:26.293,2024-02-09 13:59:59.248495
359,359,BNI,074436273,Success,2023-02-14 17:14:28.157,2023-02-23 14:51:11.195,2024-02-09 13:59:59.248495
360,360,BCA,121431147,Waiting,,2017-11-10 01:27:48.900,2024-02-09 13:59:59.248495
361,361,BRI,034206427,Success,2017-08-04 07:33:26.174,2017-08-06 22:37:31.529,2024-02-09 13:59:59.248495
362,362,Permata,020811949,Success,2018-02-09 14:12:08.958,2018-02-12 12:42:59.522,2024-02-09 13:59:59.248495
363,363,Dana,093189637,Success,2022-11-01 20:25:24.378,2022-11-02 09:43:01.178,2024-02-09 13:59:59.248495
364,364,Permata,096987506,Success,2015-04-28 21:38:23.612,2015-04-29 07:52:00.022,2024-02-09 13:59:59.248495
365,365,Dana,037824013,Success,2022-10-26 20:48:51.086,2022-11-15 15:58:41.779,2024-02-09 13:59:59.248495
366,366,Permata,129938516,Success,2021-09-19 08:24:19.630,2021-09-19 20:59:47.731,2024-02-09 13:59:59.248495
367,367,Dana,032621538,Success,2023-02-27 21:18:20.276,2023-03-05 01:47:35.819,2024-02-09 13:59:59.248495
368,368,Mandiri,120036093,Waiting,,2018-04-26 12:57:12.853,2024-02-09 13:59:59.248495
369,369,Ovo,017486743,Success,2021-08-21 04:40:48.302,2021-08-25 03:27:43.406,2024-02-09 13:59:59.248495
370,370,Permata,109708591,Waiting,,2020-02-27 13:25:36.002,2024-02-09 13:59:59.248495
371,371,Ovo,108954579,Success,2018-02-22 18:14:18.947,2018-02-23 14:31:12.097,2024-02-09 13:59:59.248495
372,372,Ovo,071579340,Waiting,,2018-05-28 17:52:10.698,2024-02-09 13:59:59.248495
373,373,BSI,070429255,Success,2022-02-13 08:37:23.657,2022-02-23 04:39:27.984,2024-02-09 13:59:59.248495
374,374,Ovo,098554571,Success,2017-11-06 20:20:43.685,2017-11-29 22:41:25.086,2024-02-09 13:59:59.248495
375,375,BRI,107033132,Failed,,2020-03-05 05:08:17.570,2024-02-09 13:59:59.248495
376,376,BSI,041985553,Waiting,,2015-08-12 03:03:07.843,2024-02-09 13:59:59.248495
377,377,BSI,053090779,Success,2018-01-15 01:37:36.460,2018-01-15 05:10:29.307,2024-02-09 13:59:59.248495
378,378,BRI,111025534,Success,2015-12-12 11:38:08.178,2016-01-01 07:44:17.242,2024-02-09 13:59:59.248495
379,379,Mandiri,116959090,Success,2022-08-17 02:10:06.371,2022-08-21 17:21:48.899,2024-02-09 13:59:59.248495
380,380,Dana,086462824,Success,2020-03-07 07:25:04.374,2020-03-21 17:39:38.126,2024-02-09 13:59:59.248495
381,381,Ovo,045893984,Success,2021-08-16 05:42:28.857,2021-08-17 21:38:25.669,2024-02-09 13:59:59.248495
382,382,BNI,080662853,Success,2017-08-20 11:59:29.038,2017-08-30 18:07:23.957,2024-02-09 13:59:59.248495
383,383,BSI,090071544,Failed,,2022-01-15 17:13:26.608,2024-02-09 13:59:59.248495
384,384,Permata,126704617,Failed,,2023-08-03 04:00:49.376,2024-02-09 13:59:59.248495
385,385,Ovo,052492899,Success,2016-02-07 08:10:53.678,2016-02-11 15:08:17.312,2024-02-09 13:59:59.248495
386,386,BNI,103187176,Success,2015-03-31 01:01:56.088,2015-04-11 23:26:17.388,2024-02-09 13:59:59.248495
387,387,BCA,065830710,Success,2017-11-15 03:09:31.679,2017-11-16 05:46:19.977,2024-02-09 13:59:59.248495
388,388,Dana,014223006,Success,2018-06-11 03:46:04.923,2018-06-14 22:27:41.324,2024-02-09 13:59:59.248495
389,389,Ovo,065955077,Waiting,,2020-05-07 08:32:38.700,2024-02-09 13:59:59.248495
390,390,BRI,054895410,Success,2021-01-28 17:55:04.158,2021-02-11 03:59:44.180,2024-02-09 13:59:59.248495
391,391,BCA,074879911,Success,2023-04-04 20:22:56.788,2023-04-06 04:45:28.230,2024-02-09 13:59:59.248495
392,392,BRI,062639309,Failed,,2017-10-03 00:43:08.511,2024-02-09 13:59:59.248495
393,393,BCA,098952869,Success,2016-11-22 20:59:14.248,2016-11-24 00:23:56.900,2024-02-09 13:59:59.248495
394,394,Ovo,030478987,Success,2016-08-25 09:28:02.575,2016-09-02 14:04:00.621,2024-02-09 13:59:59.248495
395,395,BSI,031970536,Success,2018-11-30 17:38:44.023,2018-11-30 22:50:16.828,2024-02-09 13:59:59.248495
396,396,BCA,074033029,Failed,,2021-03-18 08:22:51.726,2024-02-09 13:59:59.248495
397,397,Permata,087836019,Success,2018-08-05 09:22:05.983,2018-08-27 12:44:56.532,2024-02-09 13:59:59.248495
398,398,Mandiri,050997930,Failed,,2022-04-19 12:35:51.127,2024-02-09 13:59:59.248495
399,399,Ovo,044305033,Success,2015-12-12 22:35:15.569,2015-12-19 19:28:08.809,2024-02-09 13:59:59.248495
400,400,BNI,084875963,Success,2021-07-29 16:38:06.052,2021-08-02 22:27:28.713,2024-02-09 13:59:59.248495
